1;2;3
emiliano.rigueiro@gmail.com;emiliano.rigueiro@gmail.com;emiliano.rigueiro@gmail.com
nicolas-rigueiro@hoymail.com;nicolas-rigueiro@hoymail.com;nicolas-rigueiro@hoymail.com
mariano18@gmail.com;mariano18@gmail.com;mariano18@gmail.com
luis@noexite.com;luis@noexite.com;luis@noexite.com
;;
21321421;21321421;21321421
sadadadad;sadadadad;sadadadad
.-.-.-.;.-.-.-.;.-.-.-.
juan,ignacio@gmail.com;juan,ignacio@gmail.com;juan,ignacio@gmail.com
123132131@1231413.com;123132131@1231413.com;123132131@1231413.com
franciso@inventado.com.ar.ar;franciso@inventado.com.ar.ar;franciso@inventado.com.ar.ar
notiene@noleinteresa.com.ar;notiene@noleinteresa.com.ar;notiene@noleinteresa.com.ar
